ID,feature1,feature2,feature3,feature4,feature5_Yes,Target
4,-0.13187846221516278,0.695046869644974,-0.5626038128085394,-0.4746575301393133,1.0,-54484.015694649264
5,-0.5379220700590324,-1.6163180798638992,1.0605281101008153,-1.7928849696789946,0.0,-974068.4947632815
6,-0.5379182762985795,1.4818495612510751,0.2536015944204493,0.5836313247650766,1.0,687811.6513406568
7,-0.11889590524108826,-1.546502962468079,0.04575630598649695,-0.6112355793298814,1.0,-731585.0431236771
8,-0.3064786781200114,0.12933972948086314,-0.7214144324445664,-1.1389494149447585,0.0,64340.89033921823
9,-0.5922992065471332,0.7038992805001777,1.5126425210827938,-0.6007470747838196,1.0,-49073.98488361076
10,-0.35844191509079026,1.2584046146476968,-0.35905161313825046,-0.1820255737093171,1.0,224048.7157125554
11,-0.5908996475919323,0.7211137618160909,-1.4438426087958325,-0.582086612619243,1.0,-3148.4271305707407
12,-0.5914339103113897,1.021267579441497,0.4111733052284203,-2.1061152779571075,0.0,98696.31748110522
14,-0.9259286935099043,1.0661223504609256,-0.5403337916202668,1.2073661801226139,0.0,41326.112938088685
15,-0.8824025819158445,-1.4501167591195157,0.027359981676444274,0.6139158919468604,1.0,-450635.1082429482
16,-0.6137461352997157,1.3400777532197894,1.3112716381924145,-1.0894619973308781,0.0,366728.70083671965
17,-0.717856134745096,0.15090243920844035,-0.021171592721660817,-0.19817786848113708,0.0,-40114.46093388334
18,-0.4111995986634856,1.07459071486468,0.7093635071844815,-0.012560532534509715,1.0,64393.60926053334
19,-0.693637698187395,-0.1753927088962065,1.7263758591967506,0.5637176768698962,1.0,-63511.817149803406
20,-0.8101648280848682,0.47963340221548667,-1.2884463431608006,0.629927592085284,1.0,-149655.4065228349
22,-0.5359863257461889,0.7810567114174723,-0.3675884889380474,0.07171011150916301,0.0,44082.54383387135
24,-0.8130404550816245,-1.5178003588437565,-0.31002764535079147,1.379633270154869,1.0,-783635.8934513859
25,-0.6096087571505635,-0.8782141596121459,1.4281381016270407,0.6643587277852036,0.0,-34907.279174315045
26,-0.45818315205874693,-1.17808509851292,0.7505744763975953,0.7448529347746696,0.0,-244415.00282892457
27,-0.7497822205115852,1.2611939222604431,0.3791068848157327,0.0734533450087475,0.0,288474.94887616986
29,-0.6226081841576487,1.6176533711863386,1.1347488891723303,0.3837540852766366,1.0,1235889.334898617
31,-0.6228549558205052,-1.100776177284928,1.125676006115855,1.3296971008753005,0.0,-122869.9638716086
32,-0.05579693773317647,0.9800686323672153,-1.743206819887825,0.6580722246968179,0.0,-31961.040275966858
33,-0.486933637182101,0.531450970968955,0.4788492269753323,-0.4281428829157202,0.0,21577.4591381267
34,-0.7282268001880355,-0.01827146857916599,-1.5697007709087485,-0.4628433430645795,1.0,-50666.429587777886
35,-0.2937440144164089,0.17751719442186062,-0.8470073404666302,0.27599652056631746,0.0,6155.148938999344
37,-0.4355512953227891,-0.9420816032804287,0.36472188493652696,0.18147594215296917,1.0,-129723.43193309037
38,-0.9366483006590152,1.6877545330981327,0.6545193364087906,0.2900228885089751,0.0,1424520.042111711
39,-0.7907272222201522,1.6139816598365262,-1.347954987505622,1.6120569620454992,0.0,1155967.4347507665
43,-0.5105383377383954,-1.4772290104288506,-1.3250728894035246,-0.9893449274355018,1.0,-480153.222478027
44,-0.5533927104277168,-1.6195156234110148,-0.2822825309089473,0.37248610979678626,0.0,-1069838.9227213953
47,-0.5902575042826943,1.2491692237373317,-1.4680386492796182,-0.8133242776593766,0.0,111576.02381027694
48,-0.2395387287897367,0.7659175270737664,-0.5069133280015587,-0.6271596950587156,0.0,19982.43785989684
49,-0.4044126631157672,0.81913026234831,1.5475465219383475,-1.0437144888312382,0.0,43588.5707504688
50,-0.8912117517480168,-0.2672629215197632,0.5914552381817443,-0.7534682800310014,1.0,40828.87720065855
52,-0.5727981810472117,-0.45375918882230215,-0.4818914275205968,-1.3444928560559117,1.0,-45810.8935528693
53,-0.6402354583195645,1.6580123232483297,0.329248507554009,0.008517059348140102,1.0,1324556.6300870206
54,-0.3424707806713857,-1.5871283106347427,-1.713223801705518,0.8526421407385049,1.0,-907558.151209682
55,-0.24557506960974312,1.2449190094156684,0.4777805316669821,-0.8705624150174088,0.0,217363.6271788584
56,-0.2686178722059659,0.25735575188232324,1.4480050636267734,1.4400505660981173,1.0,89852.07574169114
57,-0.6777381265071998,-0.2223223452237633,0.39544672418168897,0.47993691905690966,1.0,-29706.180088571586
58,-0.555266435222077,0.7593713235191247,1.3094377723641004,0.9747907317115787,1.0,-23648.413354232543
59,-0.40726757949261216,-0.057748420817812084,0.7853679366757994,-0.632629735999548,0.0,69005.85768702945
60,-0.25838927268735623,1.2668094767339841,-1.3267060285873524,0.8071808944275752,0.0,230522.96477614917
61,-0.5945406135873592,1.3602334405314922,1.4100851191555508,-1.045904977579058,1.0,424502.521840487
62,-0.5267161582341022,-0.2801826803664996,-1.516118037121569,0.84118954115691,0.0,17338.686730754365
63,-0.7394626703752357,-0.7764133384935434,0.1203097512131298,0.15724401423546344,0.0,-75213.11006297925
64,-0.7602298894066252,0.304189680991143,-1.2511761638283936,0.5203592508340912,0.0,-79995.84601267334
65,-0.29605918978382395,1.4001717364758322,-1.7077094878183106,-1.1255524095316212,1.0,332769.8760747663
66,-0.1704196582878521,-1.0030176184824091,-0.2714792583610423,-0.8584846512753882,0.0,4139.103555423404
68,-0.25192195885378116,0.43847589809663806,-0.04758443041952402,-0.9092070156952919,0.0,111155.69033261598
69,-0.4002491893302648,0.7862744034987341,0.27163199391056464,0.4346338526705288,1.0,58494.42617166799
70,-0.6328867092801205,-1.2739008398729896,-1.5955893572106061,-1.3079071244800038,0.0,-123631.78639569446
71,-0.4003047446163452,0.7270661837019095,-1.3181484558031085,0.801134543445215,0.0,-30199.07634766239
72,-0.12841076540026022,1.3887643118333357,0.20667700350690676,-1.1797502013769832,0.0,332968.4251378515
73,-0.4920932996383906,-1.1091149148976123,-0.5475294734490787,0.5194536023284035,1.0,-21571.101491730755
74,-0.12226249448479899,-0.910954980307736,0.8035705066837763,0.589266849721297,1.0,7100.318059571251
75,-1.0891760630821532,1.6023439405299997,0.5344684333300096,-0.6696991477662976,0.0,1092792.0623172426
76,-0.2938924596934571,-1.104683752554264,1.2111022516091072,0.5477542207159002,0.0,-47311.3685482463
77,-0.4637002220522268,1.2016075509865676,0.6751807331208701,0.24159658219541674,1.0,166892.24497202202
81,-0.5345757399337,-0.1994109647009687,-0.6765254595376058,0.3265249949261912,0.0,50767.78987790479
82,-0.40129445277296416,0.038654392051509334,1.0129235250836226,-1.4960899374054681,0.0,30856.98070256868
86,-0.599758967459139,-0.3851166051996963,1.2529575950922136,-0.29390817706651906,1.0,63230.06766458795
87,-0.27228690390699695,1.5955533348524618,1.4597247535627498,-0.319995953541956,0.0,983075.5536641986
88,-0.40784811780351593,-0.8404378843024927,-0.2401490764747965,0.6904102106297638,0.0,7021.365920496835
89,-0.6062298374231166,0.5247003010706874,-0.6325862879168431,0.31263296790243006,0.0,-50224.726730614704
90,-0.36521074660974634,-0.6107820236294215,0.2891290201374844,0.29463764403570253,1.0,32187.89868579828
91,-0.46138241440069416,0.9244998711822897,-0.4495060315685281,0.44040438491179257,0.0,22031.50929136328
93,-0.6460426614171155,1.596953130387172,0.7210090220254508,0.7141328504092336,1.0,1086460.7929164546
95,-0.5744216945518079,-0.9160677395179299,-0.43767372147708034,-0.9742640475704879,0.0,34184.86904269902
96,-0.8219985395858471,-1.4727824552614996,-1.164640362731353,-0.23872378151768128,0.0,-538917.4981500858
97,-0.41538833373497375,-1.1431067985530086,-0.2417447563754886,-0.04377373469934292,1.0,-66158.4446772543
99,-0.4826331475813308,-0.5703244225034415,1.3668356536554054,0.31149237743737246,0.0,-35992.42576987198
100,-0.5380223014548221,1.1142691171642272,-0.5380435457619184,1.3563508823504113,0.0,59936.98546875422
101,-0.8108735488689669,-0.24878887744140385,-1.2080444755246393,1.023521432158798,1.0,51425.429596768496
102,-0.5810159615071425,-0.8726966672674931,-1.6596126708930754,-1.2556230027750483,0.0,87442.91016938227
104,-0.6692021049110992,0.6960794153513312,0.48060264431270877,1.258831238026549,0.0,68052.93464724891
105,-0.5210840714492353,-1.152408558234345,-0.556501147845558,0.3619009455906267,0.0,-225428.0971829255
106,-0.3904481219107698,-1.1504313898087566,-1.4976788099320728,1.0322931409759268,0.0,-165718.9029311905
107,-0.04796166399544675,-1.5989019822651866,-0.3149005598025505,1.90938811664223,0.0,-1020009.7876862432
108,-0.44347393107562216,0.7975385606850408,-0.6593604751153324,0.9682493016473906,0.0,-72480.06702731039
109,-0.4243009249359914,0.5489063511211458,0.6213749523009614,0.2309970057582562,1.0,-94366.35612192353
110,-0.5010174424222246,-0.09897644361871806,0.37166557618259255,0.9886026647544369,0.0,24789.05940430467
111,-0.9271975273402271,1.1666243897698483,-0.4725328029501097,0.13158539362319335,0.0,107345.8873088793
112,-0.4899414782104096,1.0347683985344847,-0.9860167493108433,0.016404344319307974,0.0,75188.9696875193
114,0.08538241862697601,1.2491650287108735,-0.15958699277762112,1.4820630757558366,0.0,208954.0601777432
115,-0.5282648296456347,-1.019528529472622,0.6604148069899216,-0.7855200156065099,0.0,-489.5563005819786
117,-0.49183581825501405,-0.8006547415606519,-0.04902229345469016,0.4695331777857558,1.0,-78416.36831279153
118,-0.7538686822385339,-1.5289831264077893,-1.652300886146364,-1.3385323495661485,0.0,-638560.5312806141
119,-0.21973534377582002,0.09465739317019864,0.020510710852770238,0.34366080190386405,1.0,-35356.022992737184
121,-0.30102591752143654,-1.58975051483121,-0.4038833671048804,0.5891498293276856,0.0,-934949.6621196968
122,-0.6939527429870921,-1.306291857981522,-1.612191030970975,0.8364141458373645,0.0,-285779.7934911539
123,-0.15966206144918418,-0.1758011381989651,-1.640333442066696,-0.5702922003526574,1.0,-25037.99951886491
124,-0.8077494698056071,1.473845009574113,-0.39065243391712795,0.11126896052407767,1.0,628579.1854207478
126,0.022347894248217447,0.012685656164876907,-1.666947919651711,-0.48783766643939097,1.0,-53871.79435778739
128,-0.6146727980371203,-1.2164479759317344,-0.143761216272055,1.404234732458934,1.0,-75095.73642630148
129,-0.46078766627749473,1.6545209377764345,-0.7362694749665726,1.8620882083462755,1.0,1387039.9008818828
131,-0.8421364989071773,-1.7075759847577052,-1.3421750241719284,0.9565902662035836,0.0,-1459484.161080564
133,-0.7292880844440568,0.4643664541933341,-0.6497376378519606,-0.7132186995335144,1.0,-83077.45440307226
134,-0.374378704089673,1.2479561206544976,1.3609085391792697,-0.468377362945359,1.0,237573.78459571296
135,-0.6962720060339782,-0.1670993009798055,0.36173769388619853,1.1654763937525756,1.0,-3185.780284313396
136,-0.1256614554788851,0.04132120057985257,1.1449588967768551,1.5978306988550157,0.0,-33065.975218563035
137,-0.6648061124652203,-0.05029043330956375,1.6955612033564085,0.5295269492131831,1.0,10099.509835429226
138,-0.5582355685570556,0.5593853282666819,-0.7392073152174844,-0.8439609809245305,0.0,57506.11380245303
139,-0.2958301017834908,-1.2462161933541969,1.615484677953905,1.8853880952590611,0.0,-135532.9425688728
141,-0.4312541197694133,-0.6698945711680939,-0.39931493051291356,-0.3254129946049049,1.0,42562.17316269151
143,-0.8552662156034114,-1.0331858211534946,0.14635173626203096,1.4732540087387749,1.0,-30918.39916339823
144,-0.4411502160500521,0.5818800469434643,-1.2091460036892452,0.8066579919149808,1.0,-17192.88185936274
145,-0.4237619614825918,1.5972647911297309,0.18941781178511247,0.3886120087252874,0.0,1049511.789841878
146,-0.3031539176523039,-1.402902850049834,0.1473920144290548,0.43471214566367183,0.0,-336421.21824236086
147,-0.7696448870622042,0.5790363799631844,0.9181263009940267,0.03507518377655922,1.0,-61455.99450577448
148,-0.7889411318745505,-0.20473665812619987,1.1692594165195347,0.5250130498329226,1.0,116757.982712211
149,-0.3632063591365139,1.248723139406527,-0.20705069889496214,-2.4145670372100883,0.0,83232.85237911405
150,-0.4151885921640945,-1.1177910389318375,-0.6904571420743253,-0.28873100394654444,1.0,-112584.27290818204
153,-0.6409524240390825,1.5106246778908987,-1.5469067437425559,0.36143901829663366,1.0,715376.748661145
154,-0.43014639428623375,0.6154965418139342,-0.5500474299454814,-0.201014617466171,0.0,-1967.0055156392411
155,-0.41609260931374037,-0.021768031216884042,-0.8027631182304913,1.664912025841565,1.0,24644.255073271677
156,-0.6488845141160423,0.3915116213684857,1.6339724038458514,1.491208616791883,0.0,-13782.90566366443
157,-0.05267825491014554,1.25133534097221,0.20340931792666478,-0.44981254060828996,0.0,278967.47265432926
158,-0.37432313245785087,0.22973243572157043,-0.5331447370773181,-0.14995395188678684,1.0,50385.73859728953
159,-0.7590968924077939,-1.620424712139027,0.28306965843819976,-0.07675228987313354,0.0,-1005271.3889492536
164,-0.6734550777479242,0.5320595407052667,-0.34237748627693276,0.5864872008687513,1.0,22170.154847392183
166,-0.38843080857300916,0.505851246757573,1.3325957084161386,-0.7720841171202951,1.0,39739.19047087411
167,-0.29385602919758763,-1.359434152793969,0.43336264175370687,0.8460524394565425,1.0,-370415.4834278069
170,-0.6579854002450363,-1.5593776413525267,-1.044051684122927,0.7746393811230422,0.0,-793505.958142185
172,-0.6723292657218078,-0.3309141951047253,-1.610568615589589,0.4265745639960361,1.0,-34245.739251647195
173,-0.5016311337068853,1.257665975363215,-0.08417715383982566,-0.49800813660876847,1.0,253466.2312184929
174,-0.40498257029571555,0.9550229572062875,0.1520114832742873,-0.19339396899735345,1.0,-43658.68157163492
175,-0.41987802786481254,0.2174254494994317,-0.9515146079891843,-0.20233623378272375,0.0,87163.60982801329
178,-0.14793729799104852,-0.3403928181526472,0.7789631944729246,-1.4806818474490135,1.0,-17963.789553658837
179,-0.5449707000069847,-0.6044697753704442,0.11827667983686883,-0.4739447455513884,0.0,47597.38715965803
180,0.14475220212647574,0.5618824492611424,1.2963839954689902,-0.27756183035176113,1.0,-34273.95498195797
181,-0.33923777688301265,1.0422200506987096,-1.2913752296135594,-0.250242647919069,1.0,10110.563156231896
182,-0.6818836451268465,0.8861831883538054,1.018260055418429,-0.23626466369599652,0.0,4677.618925252971
184,-0.37232674904938373,-0.2327067102664233,1.0312138470991026,0.45009026142875663,1.0,109276.79394805296
185,-0.5354517269485205,1.0764279383255633,-0.7834424291205014,0.8262137160422042,1.0,34872.43192273749
187,-0.37446069140368754,0.1402743177519533,1.555654330790138,-1.151834364644649,1.0,12585.969408585845
188,-0.5006437911348913,-1.7047721672150113,-1.2278688498445258,-0.9984087294677239,1.0,-1571780.2477546362
191,-0.5869938227962395,-0.36768039423862986,-0.05666066020732981,-0.7394107677600393,1.0,-11319.476643257089
192,-0.2859211805578165,0.6573448403112013,1.2739069594057852,-1.240292925246658,0.0,73929.93435176223
193,-0.4343427311942257,-0.3937588783232435,0.3119950632193691,-0.44059238403717044,1.0,61276.997651237856
194,-0.7716756023035273,-0.18780646766112824,-0.43495399029056475,0.1663713847834085,1.0,55156.13067893765
196,-0.3947769867033397,-0.4461799981210408,-1.0373628540251212,-0.5370350580583909,0.0,-64911.8334269814
198,-0.44829249990067116,-1.4738127171815096,-0.3957146140040953,-0.8885958741253814,0.0,-529887.181051921
199,-0.4703640846400444,0.34219906938360367,0.0408830996690479,-0.03628305754365634,1.0,32793.41261362737
200,-0.7479282297982501,0.5640038177287682,-0.02544569226762107,-0.8140808605470419,0.0,-129524.36318297609
201,-0.4011385249853175,0.39713893771336595,0.2719090087523944,0.5392823474598681,0.0,-404.9927910813001
205,-0.8021616503678254,0.053259235700299855,1.1477995301174353,0.1686637722177694,0.0,25317.59660482789
206,-0.7005239983098586,-0.08339015140704016,0.9273177722671622,2.5574945598640193,1.0,78641.46519828083
207,-0.36480224183835475,-1.6366753890822248,0.2587829738023657,0.32666777766071053,0.0,-1147739.4496377031
209,-0.3647993720778082,-0.4223987468747045,-1.0469834275099876,-0.097236798333533,0.0,98075.57226461076
210,0.40646064779343394,-0.3586043562333399,-1.366238047045944,-1.697390376820977,1.0,78724.24237929926
211,-0.3518954122148756,0.2624825496321162,1.2403555653420533,-0.08308536280386694,0.0,-65538.75162702994
213,-0.2633674359990122,0.35746170910787184,1.215878248393107,0.8651261961660494,1.0,-20668.25562109056
214,-0.3332935893808329,0.8950812648738257,1.377312357477082,-0.529530422955547,1.0,48629.366577385386
215,-0.5566660347696962,1.0598228503799698,-1.5300707254638415,-0.11751660836018778,1.0,103051.41911447904
217,-0.6623964295948002,1.547987503219156,-0.17947712894849782,1.649085163039396,1.0,858862.357764058
218,-0.5385379423281378,-1.6620514210527797,0.03793252202885544,-0.3121845349245779,0.0,-1386072.6013541222
219,-0.5959708171719186,-1.0539931066140076,0.44451622513512173,1.7382957150764855,1.0,35956.96970284238
221,0.051048265000433225,0.49297993070256313,-1.6817747878569038,0.45258953721746714,1.0,3702.346656123125
222,-0.9152957000775731,1.351084708398867,-0.07963588204681381,0.3446926628408182,1.0,313888.54880008055
224,-0.8564753545352537,1.450417727038548,0.7809363369765593,-1.841552580347729,1.0,373625.7023448888
225,-0.5928670721906466,-1.5180904182212633,0.6753193582136959,-0.27185717709212104,0.0,-668517.4717966381
226,-0.2321839428678541,1.4757663567334864,-1.2781347106862342,0.7982629935633611,1.0,607107.4420094832
227,-0.4689611502298261,-0.5202554545128489,-0.7007395529947369,-0.05290359530437347,1.0,-27545.1358848103
228,-0.7328561502592421,-1.3771479335560428,-0.49310770825001854,-1.3441337769518675,1.0,-231893.5036394791
229,-0.6491045661637507,-0.060478614221628715,1.067008835032165,-0.05624261590177586,0.0,-53257.00459283707
231,-0.6525852523385459,-0.7488604267490091,-1.0111747775525985,1.1807252376767339,0.0,16933.58486750603
233,-0.4732841692756406,1.0257123414223714,-1.7176617057835253,0.8994554175155882,1.0,9295.61794277506
235,0.011600174974553155,-0.6583264114936939,0.6203271983463519,-1.6284875066831237,1.0,64024.22169744393
236,-0.3373310094799921,0.3657794995847603,1.1511260441145967,-0.8864706396801784,1.0,25582.578019838464
237,-0.9517774428735227,0.7281816752393218,-0.7174571965139681,1.4815636504639749,1.0,-88071.82197296385
241,-0.6669476007186016,-1.104093327112859,0.8431320609436442,1.8064415310967978,1.0,-111066.45618692297
244,-0.2837591371904227,0.07408752237583541,0.942701122249193,-0.15776773020764728,1.0,-73241.08742025062
246,-0.5611100944185505,-1.358461875469574,0.9328765787717274,-1.4502400011736034,1.0,-474637.2909228004
247,-0.5935634083546935,0.21843905002128938,1.212212084506745,1.3997326090240856,0.0,48863.42988354113
248,-0.6347837260475373,-0.8458170502352352,0.3990541944290649,-1.1181122498008336,0.0,-2884.939982820215
249,-0.0758599038125926,1.5733419457439848,-1.4385504861721168,0.20002461034643415,1.0,943361.8002496876
251,-0.7751752952453134,1.035872544666873,-1.4768965419307212,-0.5669704478412735,1.0,91064.39468669456
252,-0.2717184953498494,0.15992394307346985,-0.32220150756634847,-0.8034503094130264,0.0,97014.9910415097
253,0.006565506850464875,-1.575815011639546,-0.3237294930284481,-0.5850670314688898,1.0,-952199.7794165392
254,-0.24523637210936772,0.44392529479103754,-1.517637126147269,-0.5196125910340489,0.0,-1897.0813860258288
255,-0.834905317064018,1.5338760967133627,-0.5277421908593756,-0.5283199372173022,1.0,705082.0897432673
256,-0.5957098221426237,0.33590847994342793,-1.36016908470432,0.7870061440758935,0.0,-13732.684350095766
257,-0.19106145581198233,1.0810673267771072,1.0803026156621285,-1.0582136605635972,0.0,56027.33867728775
260,-0.3048150840499971,-0.9982823092993607,1.5944124800835064,-0.4949299603224017,0.0,3005.1972755074457
261,-0.698006520476528,0.36799605210105707,0.08043937818408267,-0.6898317775215067,0.0,42271.37613710497
263,-1.23279519544193,1.1518664063393425,-1.4796521099355089,1.1167807634465021,1.0,91135.8260684892
264,-0.7205265742290239,1.3579088865512594,0.0036017538657780474,0.17844407703658272,1.0,287818.36783581245
265,-0.5421772907009004,-0.5140952856459094,1.0322809959037627,-0.5120835553962971,1.0,14481.04755874717
266,-0.7721480156853379,-0.9132590722316747,0.726261478415619,0.4543126375248101,1.0,-66451.84613261459
267,-0.10660298906198697,0.9486529274390055,-1.5728837507890145,-1.0557663332208127,0.0,117718.13120115896
268,-0.8142866945152931,-0.7833374772362006,-1.493513755087885,0.6423220805619863,1.0,-23127.58720461885
269,-0.5854986508319661,1.092798854844145,-0.3385465767460732,0.38265402674704363,0.0,42499.83913575462
270,-0.4536036824661112,-0.2732737303295563,-0.7151082180632352,-0.29939469419544473,1.0,-28286.54021124638
272,-0.8156086303022202,-1.3973046711314008,-0.7651121066800682,-0.8504981547179363,0.0,-381234.3643481008
273,-0.2150350327553635,0.4121018359864474,1.0636680155644171,0.5028096558513531,0.0,-38407.17510956677
274,-0.48145012773730284,-0.17727842611269057,1.5038021770840857,1.1636732403462338,0.0,99966.60339724632
275,-0.7106182507212032,0.28452491384651557,-0.3307431816735827,-0.6130876170898413,0.0,-51377.17963677502
276,-0.37703353098135,-1.1490786212480564,1.4228877950576495,0.43004546377475983,1.0,-91127.55549063714
277,-0.4378167452915181,0.799154143347042,-0.6233846629845639,-1.993262655253198,0.0,47973.30972440492
278,-0.6225107131757529,1.230416953151195,-0.08105865163029952,-0.5629251844158416,1.0,75891.4516918129
279,-0.46768513101973297,-0.9822029880293961,-0.9575375419754969,-0.0359210603475705,1.0,-1849.846808413833
280,-0.5728516328229841,-1.3966908033808858,0.493111407696677,-0.8723972007061509,1.0,-433941.0918397792
281,-0.45758356524114613,-1.6435369157976694,1.6779480117630203,-0.8979334390261443,1.0,-1119358.6541697958
282,-0.33081196192660656,0.4741324990223609,0.3636635742691032,-0.6420976686091565,1.0,-57521.11137426944
285,0.009078966104646324,-0.9301209705193159,-1.3184376309107695,-2.137213478642039,1.0,30874.93531837769
287,-0.5188887029839468,0.31147083816792437,0.012211143623777536,-0.5841054031591171,1.0,-13862.162745096508
288,-0.3478685137636619,-0.023165026651897465,-0.17586951597129583,0.42937893149270034,1.0,-34595.33516786211
294,-0.2874917370286586,0.7331376806547858,0.750294418263024,0.35826463594327357,1.0,-52142.05561144324
295,-0.40131688695339157,0.6469640679268135,1.1303540693679843,0.12812886796260217,0.0,-84569.34166990274
296,-0.6439298145034507,1.6703636412166014,1.0653332872248669,-2.0347134924661097,1.0,1421184.086328703
297,-0.27593842945605696,-1.2847690999989667,0.18518075275235654,0.7250036303998604,0.0,-210373.39185587413
299,-0.2959814796057862,0.7562244647973796,-1.2485900821453353,0.47753452213407643,1.0,63140.84402428503
303,-0.3111328169270175,-1.4311316862530665,-0.7536678626113061,-0.2800104741648527,0.0,-409556.61634792096
304,-0.3427725718829539,1.3379345742094464,-1.280258516525996,0.26719344883832646,0.0,387053.8885865683
306,-0.45670315529214633,-0.6170100380335063,-1.5585118339083874,-0.410237415533092,1.0,-29253.5385147272
307,-0.1885765185608892,-0.9482405633325358,0.8717255800622775,-0.5488496212069973,1.0,-83487.64321269942
308,-0.6205129446971814,-0.5087014700105748,-0.6370666289708986,0.3073498785942759,0.0,-87013.79165219769
315,-0.18214937953567217,1.2896044607059447,1.1891704299745844,-0.5160066699822436,1.0,298052.3750341559
316,-0.4789612543278683,0.5046333588598785,-1.7353145001454604,0.334906251252732,1.0,-1920.751686106746
317,-0.32623149658000117,0.10078182929448477,-0.8847512626545234,-0.7022437483412468,1.0,-36510.07424805873
318,-0.5555100777478169,-0.6137147218629365,0.8446298826741098,0.7152116612460704,0.0,34499.47515804921
319,-0.40890754707071914,-0.5840279677434569,-0.6416751561248579,0.646271314961879,0.0,23843.55400147283
320,-0.5138877377355819,0.5683675552722735,-1.3920409242540022,1.7535774872498773,0.0,22293.243582055515
321,-0.4614012666213344,1.6802386115836296,-0.48779302258193363,-0.17349404791132073,1.0,1515682.150693199
322,-0.3462879928964,0.5421754532608607,-0.802253508729968,0.6302268301245156,0.0,-1646.6919414637327
324,-0.00031338887489617764,0.7778407804497378,-0.6519035629824266,1.227355689681787,0.0,78407.8068830598
325,-0.716281640378009,-0.13125612937382386,1.012739105860626,-0.690701453182093,0.0,43386.49759491864
326,-0.7643851029560521,-1.5185186821220658,1.3730488983893163,0.7029147411730399,1.0,-662133.7258240306
327,-0.2162026338584702,0.20126227214134762,-0.23023580371231858,-0.19170955586272995,1.0,60456.60434710627
329,-0.3395953747377854,-1.1241161293559454,-0.4279950747688363,0.08099899163020215,1.0,-78265.57914695278
330,-0.33861891691537366,0.6386374757492397,1.6257855353056623,0.23378816563285906,0.0,-16308.533420567976
332,-0.6911490735497011,0.11061066892283357,0.6560221592721542,0.19806116385839523,0.0,-190292.75359799823
333,-0.46629810100918007,-1.3933965039433516,-0.020235427914094353,1.49606237791655,1.0,-351841.5737192806
334,-0.6402908499265766,-0.18206199619182223,-0.3918353433729934,0.9318247983316293,1.0,-29316.765440258027
336,-0.5177962398725522,-0.5341298962273082,0.7149579718773695,-0.4400389680985759,1.0,775.3000762007937
337,-0.6745676826139368,0.5526982840483396,-1.7334126751630374,-0.8529352598557588,1.0,-70633.85869260969
338,-0.5580794361012941,0.9997662373239488,-1.1643152391694895,0.9031219495493076,1.0,38330.2478135532
339,-0.38839602525458516,1.4509084148336693,0.7471211973203259,0.8276700525817898,1.0,482427.4145825324
340,-0.6140781975580735,-0.9208911709388826,0.5837994773137688,1.3956733942910768,1.0,9002.338896494755
341,-0.673810491122206,-0.3569154655127091,1.6326777460337272,-0.5813592256128192,1.0,17459.99019432342
343,-0.4272087489044981,1.6745676178343358,1.5792128484009516,-1.5671888004199268,1.0,1428262.6070521222
344,-0.6009573602186843,1.4503027328125444,0.7103496387476845,-0.3799959924438003,0.0,545677.7717812664
345,-0.592660591506518,0.12475321395487766,-0.7054416552876659,0.9424121481174647,1.0,-81927.88113758113
351,-0.41197134006011615,-1.287100726905003,1.6003089513901285,0.07476983161154031,0.0,-111753.12929801844
352,-0.14289471608204213,1.1046257728019795,0.0028207802241477144,-2.854000752766692,0.0,65248.48450903763
353,-0.2856298327361159,0.9537989444099854,-0.23404501750727277,-0.18428264495282895,0.0,38173.64749397218
355,-0.48820894404603227,-1.6006522163611419,-1.0175529876952267,1.1417899111754535,0.0,-1022033.3384669684
356,-0.7154756419336057,-0.6863390638161986,-0.4581349169813309,0.7337624283872661,1.0,3487.5663533978145
357,-0.48809269599071065,-0.8233853122402558,-0.4542633940862669,0.4379323384967974,1.0,57504.21539163309
359,-0.40924209769567516,-1.4243351712085528,0.937957809060382,-0.9097482600840269,1.0,-439785.3303777063
361,-0.3638060143144553,0.1721700119670936,1.1291118206961028,0.8811215131406656,0.0,-32091.448292403533
362,-0.12963492818947436,-0.6781333870743798,1.2277059498729508,-0.23155958448538475,1.0,15524.778789797983
364,-0.39098864078343304,-0.19291313256947723,0.5521858803803487,-1.0595757471213083,0.0,76885.60526556942
366,-0.5765273365343944,0.041606826260947444,1.3320425914795333,-0.5857472206722124,0.0,43334.719483132525
367,-0.43203225870073164,1.4242434126640262,-0.9935487497557387,-0.5099542597604629,1.0,403129.792110099
368,-0.48090493995483147,-0.022491627710749706,0.6237990551735265,-1.012225748304166,1.0,40146.40716847567
370,-0.6624390792117595,1.191469664858022,-0.7150697734956822,-0.25278899072114025,1.0,162146.04314987516
371,-0.4781510235422492,-1.0103866837340265,-1.270554060338585,0.3292429630572064,0.0,-97178.70470205
373,-0.14848967909001537,-1.3259622784739349,0.8365563204658877,-1.7396195034772446,1.0,-327740.52969627024
376,-0.6611306734693835,1.2823960445858957,-0.36564646404222706,-0.07169366427979729,1.0,279354.5661103041
377,-0.28224201823942785,1.2484300985001189,0.7476841443011359,-1.3090278840412455,0.0,193135.98740679384
378,-0.441448732767015,1.0356425702102805,-1.0513910258472503,1.8855926744576832,1.0,-5783.440399772095
380,-0.6705934197554663,-0.6810279345279902,-0.7426929624978064,0.09432864417593136,0.0,-1091.6092537817628
381,-0.6778546627258697,-1.447361720716568,-0.46135924522107435,1.196733572145814,0.0,-615927.2050934562
382,-0.6223202526630208,-0.3443660808547102,-1.5453513587774983,-0.8120695497137401,0.0,46972.372349990204
384,-0.605304334290847,0.6555772377343781,0.056936574296016854,0.18387331163299625,1.0,74443.91753072129
385,-0.6592324034900292,-0.5391705157771606,-0.812056212144097,0.24500276930465625,0.0,-66154.74515216255
386,-0.4490622892727974,1.6167798577865906,1.175665712093146,1.2049655993677926,1.0,965523.0140733464
387,-0.40484299991693895,0.47070967019070503,-1.6972551576031696,0.6910018001212929,0.0,17009.964014857454
389,-0.2641942101649462,-1.2706233442802595,-0.567906979959161,-1.5818531663337612,0.0,-291421.6531444387
390,-0.6171235774467355,1.2277367172618254,-1.6810343671250534,-0.9203441300457976,0.0,112481.166658117
391,-0.691417191486416,1.4357686243782002,-1.3133703145858615,-0.12317453467765892,0.0,672306.1484523704
392,-0.37014382644482946,-0.05640255002700266,-0.30085151335764543,0.08254117400261297,0.0,-18342.528540335294
393,-0.7888895080014763,0.3518034009044571,-0.02355871705720428,-1.0823389667105647,1.0,43912.14260092396
394,-0.060607814432857024,0.8948296765383794,-0.3335886624734246,2.289634499078634,1.0,-19832.01254523776
395,-0.2112739477995203,-1.125706317840798,0.10970485550824824,1.4372993270884868,1.0,-206103.6395990853
396,-0.5922301762035301,-0.0033038394750308756,0.3343968996571459,0.5668821559872635,0.0,-10219.559144186698
397,-0.8796797383619765,-0.3591514794706506,-1.713949614030749,0.06222914322767326,0.0,-15945.567309770768
398,-0.17096676738829641,-1.223192131304544,-0.12425755595132253,-0.20838118016110607,0.0,-169145.56443302296
399,-0.5102822040548713,-0.4657608709777216,1.6237583028982774,-0.9126061937733797,1.0,-7007.30496781793
400,-0.1977845865944538,-1.4910176148716139,0.06803354007956895,0.06741166371943262,0.0,-572045.9884011549
401,-0.8522493799126669,-1.636093716352788,0.6228507350896566,0.23903588725239525,1.0,-1140946.501938791
402,-0.6223161805210875,-1.2615763242151894,-0.6570980736643338,-1.1885443430478828,0.0,-256456.8173813192
403,-0.4826030514778477,1.5739866184684128,0.9604422393092148,0.3117936477128595,0.0,988804.9101239558
404,-0.4729586394787924,0.15753683281779846,0.9566973847346717,-0.1541631939369699,1.0,-116999.14588012872
405,-0.5878142641061251,1.5832577342908232,0.07595718684346654,-1.8226405004018915,1.0,876514.45841773
406,-0.33988881514735064,-0.24327372735198516,1.667561886610735,-0.8254636798543127,0.0,44381.87123145681
407,-0.7305166520565823,-0.6565851246296552,-1.3092337190487717,-0.40011658383081966,0.0,28702.197212417323
412,-0.7436930135983938,-0.9846058911548194,-0.8190910741191377,-1.4794305860586252,1.0,-127001.6299308422
413,-0.8383123550998061,0.39747322908355626,-1.6872481646252446,1.0244014176794676,0.0,-44262.88849069929
415,-0.40702481509567084,-1.2038390366247713,0.9574688017091718,-0.09549643345578461,0.0,-43991.81933031049
416,-0.6567723350539025,-1.5143839685688358,0.06428218863637715,1.2558450347851104,0.0,-681279.325396746
419,-0.21130697709041052,-1.5252948193322355,-1.7439470410666673,-0.5619556338024021,1.0,-650599.785143835
420,-0.46821281795644176,1.6827282936665775,-0.6993221834566853,0.982214907861096,1.0,1478176.13141573
421,-0.007624496744852561,-1.5266073226451724,0.5140520726356328,-1.4528138368470003,1.0,-675950.6625983887
422,-0.07819687156467744,0.65586540064376,1.6611936884470238,-2.7026468000495187,1.0,-12576.933970045106
424,-0.25930761108307626,-0.9053493310452162,-1.6660978311440058,0.5189212868613665,1.0,-69670.75510644383
425,-0.33468358375913676,-1.237318160790274,1.3964598682799918,1.1363321499363355,0.0,-119746.87928462873
426,-0.16755626815465563,-1.30877475429018,0.992668734939245,-0.4472951783755343,0.0,-250896.8378203882
427,-0.7067858043063769,-0.6858363311917681,0.9827901468667848,-0.3980421824235867,0.0,-11872.442656491456
428,-0.32528443248879935,-1.3784322950079284,-0.14560669808356094,1.0921951107396262,1.0,-348753.6799233525
429,-0.23923780706713937,0.6460228986387124,-0.35558553072029697,-1.786400692944544,0.0,-48703.32413004187
431,-0.7572378861934579,0.020176797936554084,-1.5187396383626928,0.17493704811449332,0.0,-3752.1336765605065
432,-0.9550332151247852,1.6889975241352806,-0.9498148133506829,0.4213172772060963,0.0,1580870.0000426422
434,-0.3180076521775804,0.3825119130706829,-0.054316805930785875,0.02643679767262282,0.0,47961.935096521214
435,-0.13665545979764548,-0.675635642384958,0.8675224394726132,-2.3753122808414413,1.0,53304.59054843066
437,-0.10748009930970145,0.08051958025266416,-1.546217668333238,0.4254014740434501,1.0,52158.29988295287
438,-0.8027236490742684,-0.26524211747053883,1.60377410200706,-0.9415246265676135,0.0,-71194.66116377976
439,-0.8774262603921461,-1.276836953587908,1.5510418512083457,0.04980264946350321,1.0,-161317.6224261847
440,-0.49665051015040523,1.3119517480521288,0.9996380943895202,0.4190836068622967,1.0,308362.79703111213
441,-0.39506627838649794,-0.1840699161075008,1.7211642753396899,-0.3324688823543318,0.0,-114702.82246010884
442,-0.49136973212490503,-1.0579503788242726,0.15711390071502326,0.15593443261227052,0.0,-46372.337120583325
443,-0.9615518629336994,-0.4649905345206315,1.6212000370220432,-0.9229015374553369,1.0,-28246.43252664368
445,-0.7852468871562148,1.1096611442262838,-0.46872801163761485,0.5745915446553341,0.0,166070.87154956732
446,-0.3290692126218819,0.7879914571880836,-0.9598047280496257,0.14309078790771224,1.0,-31223.52303756962
447,-0.39910253706199544,0.910224490864341,-1.0632293814105014,-0.5647469292773589,0.0,-26779.744727955767
448,-0.7009988017518933,-1.6867145289748995,-1.2558460473390536,0.20710850759557614,1.0,-1398726.0168341787
449,-0.6025572737152792,-0.29924832341190916,0.42988933184931505,0.6739773172930524,0.0,41147.60765677876
450,-0.728574013981593,-0.07598478542782505,0.9861004018364531,-1.957955948873963,0.0,-8501.154217816951
451,-0.4982984081467475,-1.6587646561164182,0.2754770117374697,1.0971202724840534,1.0,-1177291.8780462777
452,-0.26310388017040554,-0.8346849795660564,-1.2342856320705367,-0.32647637073826763,1.0,22226.739326457777
454,-0.3673414832237658,-1.2549205021756957,0.47728581555963534,1.1334619475458572,0.0,-205738.7444703485
455,-0.6063447782086838,0.10883815095311271,-0.3900260858908107,-1.3122254248155578,0.0,-33722.2001287562
456,-0.6670289612997609,-0.9874700911832064,0.6109081393983378,-0.6817605805214291,0.0,-3093.8888730624058
457,-0.5085469390867943,-1.6829831693687056,-0.8389647169433999,-0.2810588262932206,1.0,-1539073.7307423155
458,-0.7230348350590254,-0.8984265906615813,-0.5404420679881833,-0.7525082661869292,1.0,136706.86630587687
459,-0.6117500454594208,1.6176824789120978,1.462702052085565,1.6453581820686995,1.0,1192561.4411425705
460,-0.7606160801479853,1.0206135404408436,-0.7318601508035688,-0.822024077518286,1.0,56590.88216841495
461,-0.029813099614599582,1.5618680594614236,-0.10363047688602528,-0.535248790835575,0.0,980385.0474202442
463,-0.6455048112069194,-1.3486694152767387,0.7284836630453849,-1.1508334684689403,0.0,-237197.9320905459
464,-0.43436903540768435,0.1521597288860712,-1.5309610632899455,-0.3830516306973486,1.0,56961.6997209456
466,-0.5348756105046981,1.1672635739668822,-1.7212378437814395,-0.32324486546554587,0.0,112173.56751984096
468,-0.30877257814213893,-0.05236395809146935,-0.18173696511973314,-0.5102916630731557,0.0,-49583.44339366051
469,-0.6064010520728411,-1.2106070958830921,-1.2786957180557526,-1.4481719650958864,1.0,-176137.4423686526
470,-0.6168727636317639,-0.6125428435424863,1.6042792516003113,0.29981406860978743,1.0,-82100.63613115555
471,-0.5473727079318169,0.8008094625273857,0.10523175495234295,1.664395429423732,0.0,4392.847190188856
472,-1.0157344454362658,-0.09422537103135678,-0.9020092782960741,0.01116683912908313,1.0,-101115.18454926107
473,-0.8339396709506033,-0.4371505229756671,0.003529310451245128,0.20810596089459063,1.0,11373.01850846247
475,-0.1037014989083718,-0.15097904442596832,-1.4818322371775947,-1.2147917121794638,0.0,8830.194438360122
478,-0.41189217583353666,1.5473401827802968,-0.1397644687060649,1.547223322735051,1.0,933948.1761462052
483,-0.8550266091597454,-0.8522973341923958,-0.18919865204381542,0.21644605737818215,0.0,-91630.54702973728
485,-0.6585895682416998,-1.5928917172134383,-1.5737482408378969,1.1365891109259516,1.0,-978117.9724333718
486,-0.8124640403590105,1.3638641722167435,1.2042604077594654,0.12727464051925358,0.0,413003.580836323
487,-0.6332224932724682,-0.14402430665751795,1.6856884105052372,-1.8790597919298642,0.0,59662.17852227525
488,-0.7337349860296152,0.4577961000945605,1.0274763699871845,-1.0699461526227338,0.0,82668.39483224167
489,-0.0939561001540815,0.5336638971816927,1.239735870955165,-0.18328262782737123,0.0,-50592.37471189285
490,-0.2800885893126191,1.3411089093029915,-0.9017158345300761,0.2887760251582974,0.0,344349.861237124
491,-0.48565703623094036,0.45597480735703255,1.6137047898976664,-0.060225942442689494,1.0,38172.10528196767
492,-0.14183455551129917,0.3781081161775079,-1.0594049880653256,1.1541437018540097,0.0,-28396.984249736484
493,-0.4659367553858136,-1.4962242385489757,1.5815128412558304,-1.8638579428612794,1.0,-648863.5662785876
494,-0.6828372154538707,0.05095172841867056,1.7333848588602865,0.13034785414691002,0.0,96620.34562952832
495,-0.13185668999590108,-1.2101949681742754,0.742489571076513,-1.7371213073733562,1.0,-120924.93893087258
496,-0.35928534399581225,0.8010721153604263,1.6855176097773072,0.7169162176511032,1.0,47154.74124144774
497,-0.7234978733595562,0.029765540751274255,0.24482006083477884,-0.09627950191983585,1.0,-49341.4827380926
499,-0.6861494768668668,-1.5817729121947974,-0.21911052593206362,-0.8287938301168775,1.0,-926223.3202787312
500,-0.80334715627757,-1.4340983669093013,0.3288989918401913,1.2117358896610455,1.0,-454105.3686181581
506,-0.5963779359100461,0.8013275740620416,1.4291454294416432,0.808161895707931,1.0,45235.36653123133
507,-0.6207030132322734,-0.5146774024273012,1.5544625080174956,1.5640018803308262,0.0,-23806.34140430717
508,-0.6834626395751974,-0.7089180288466663,1.611984891080529,1.0129004350635327,1.0,-64081.77373499125
509,-0.47260254281954445,-0.5268292213834024,0.07652978885193037,-0.7009548856231566,0.0,-62016.261034067735
510,-0.6758277237502067,0.9285425293600419,1.6720914463077283,0.337727779219045,1.0,2413.353837786497
512,-0.4954235892367353,-1.0902358199196902,-1.1828020971909838,0.5385802239788675,1.0,-8564.784697494782
514,-0.6935313074894588,-1.387508579632043,0.7656202088441064,-1.7864717522465383,0.0,-422978.62090399343
515,-0.617093000237909,0.5369133432170138,-0.882943594454277,-1.1124041614898386,0.0,16663.434130790683
516,-0.30926164773604187,0.893332561968244,0.4935984308023022,-0.27590853970340695,1.0,-30429.823340386043
518,-0.7097047117638884,-1.65276205516409,-1.1792028115428224,-1.1578093759204893,0.0,-1136269.2861080838
519,-0.46086139344067567,-1.4430725487656022,0.22922851994019147,0.36396704754773307,0.0,-417129.800734785
520,-0.3101869013907438,1.5902370535020969,0.9521661232905326,0.23305816157708562,1.0,1040076.3376814636
521,-0.869574940353857,-0.7126538187629394,-0.002448710085678735,-0.19130193111267263,0.0,-79465.72466952121
522,-0.3582570195731461,0.9099445274607941,-1.7063216360147069,-0.7258876065111547,1.0,34276.627361782106
523,-0.6369314719140351,0.4148562151525699,-1.717048526272465,0.9920477273386816,1.0,63905.519972309135
525,-0.660185939173346,-1.0200557707486788,1.4931826118013762,-0.4667166894103297,0.0,40987.10494896615
527,-0.8599014244666717,0.3818047930051073,0.47171692794017106,0.46129197692846236,1.0,99923.14550142483
528,-0.4727034495665851,0.928474887608006,-0.9713742909316698,-0.3472064642490805,0.0,43113.46972111633
529,-0.42379900130564313,0.4807518007390398,-0.6227746180951985,-0.13906225176083267,0.0,35537.30956411206
530,-0.6927809938230065,0.09168673562658414,1.2196347905590097,0.6978193276209781,1.0,84886.2631799209
532,-0.8677528522216988,1.5923903745676498,-1.4147681325230526,1.2487102209581598,1.0,1010246.0797501332
533,-0.499084230040955,1.0109455902331117,-0.24814073919892377,0.06284192922420385,1.0,17699.551267316718
535,-0.6344387001228294,1.6317124459634422,-0.06547168499446863,-0.09130556817750224,0.0,1154986.6137016397
536,-0.47286203161546214,0.336832387735984,0.5699687670678859,-0.04212040023646773,1.0,-8566.69833907286
537,-0.6826359857795782,0.2701893497010054,-1.3339017215345774,-1.6545061941739732,1.0,65831.77674657642
538,-0.5726764647356992,0.8375100181851747,-0.7375289638752549,1.4168727531070153,1.0,-119341.61330192962
539,-0.25128420842979066,1.0556584570724745,-0.35617590110879244,0.03299115729041258,0.0,152286.2420708189
540,-0.6171208539478877,0.523816505549341,1.4698606033893835,0.41539890137647734,1.0,67872.35952683711
542,-0.7448633608517534,-0.5659943407886772,-1.591486325388,-0.9785284994353358,1.0,32034.331377988197
544,-0.1507022328256439,-0.955229871641703,-0.44757516899332267,-0.26115417643256345,0.0,48649.71978973846
545,-1.0549535059285358,-0.44989511585365227,-0.37500153248429324,0.7997984300511698,0.0,58872.10807388953
546,-0.6679584484487211,-0.24471555428990016,0.8913958103343018,-2.031534610456281,1.0,-84030.86032076989
547,-0.35046698641592,-0.2196182205199693,1.4659943049389936,-0.10069271483137332,1.0,35259.827788705355
549,-0.3980516876383629,1.5053560210546906,0.27136142575156597,0.4051748889078644,1.0,709080.2114532142
550,-0.6233814806523024,-0.9001689455090879,-0.49868831393603924,0.44114372844373034,1.0,-60219.18934341858
551,-0.46380588885375257,-1.3083759807321298,1.0078969737833718,-0.6800325451301349,0.0,-128692.55430073194
554,-0.425024089545949,0.48728139317932184,-0.4935874597499437,-0.8599816077022052,0.0,-79797.62979753525
555,-0.4058027327724387,-0.745319564837247,0.5496573038317584,0.7952409904654314,0.0,-27450.081705180484
557,-0.5964890467662822,1.2255294789499236,-1.0780707282105952,-2.773889638481108,1.0,183498.0905578748
558,-0.5837687436989435,1.1746517540884454,1.4653385576898847,-0.3631935825146861,0.0,201264.34270609624
559,-0.3926661584656971,1.4226493730630527,-1.39235141020341,-0.9950760643354971,0.0,523061.2551182253
560,-0.5810943329358034,-0.8606182458828276,0.022270577500912887,-1.5593742145582834,0.0,46196.74914185138
561,-0.41685461070183694,0.861376622960718,-0.9756553467516579,-1.184418308346407,0.0,34399.26412079048
562,-0.004238563153645915,-0.1472366615624648,-1.6124222167770912,0.09780800668585703,1.0,-83371.2732902364
563,-0.2825183702207108,1.1591860700688195,-1.6226118164949224,1.2585527777885155,1.0,103256.78327894348
565,-0.20624253574321444,0.9346863388102638,1.2851875268678972,-0.5837609688662392,1.0,22873.158461139472
566,-0.5781113425385758,0.5227316313907083,-0.7599519490941672,0.4276820433758107,0.0,30686.525862832023
568,-0.7167597211781526,0.1421162493724231,0.287111315275325,-0.6676318647185163,0.0,-61810.30997549786
569,-0.9161106438534415,1.6478070075560645,-0.2204465392042099,-1.105338985750408,0.0,1312026.9067665006
571,-0.47955869372962534,-1.5766328449036235,0.059864433227041505,-0.3775707938049737,1.0,-911148.6905835208
572,-0.09642961672943338,-1.1600359137669185,0.9071862093199919,0.14411948299122826,0.0,-113896.38732472702
573,-0.4082695401626943,-1.2733491438272682,-0.7598913185856557,-0.098340602781928,0.0,-249232.84585655903
574,-0.534443712335635,0.7618448871755,-0.512936828840462,-0.4023647003065769,0.0,73528.9059453616
575,-0.2921586755762503,1.0762605122381217,1.3808269023829334,-0.9067298895525471,1.0,51127.128461670174
576,-0.9947559750367199,-0.9932597429177646,1.5641052894965763,0.5727160682217249,1.0,53991.31682912757
579,-0.8254811610696808,0.7852076534108869,0.9827529727323221,-0.9604918891744126,0.0,-52713.2055915223
580,-0.21952015878481204,0.13256202604624887,-0.08141305787358755,-0.7226923464106232,1.0,-125194.46223937316
581,-0.4055962092818423,0.29733103667862365,-0.007194329208892686,-1.4027743411379912,0.0,-88337.97036986535
583,-0.33759377946476715,-0.7054491468961097,0.32039128505281483,0.9221738623708853,0.0,79835.43326362717
585,-0.44178974394883763,0.6348031029681384,-0.5881411226828168,0.9251343432662426,0.0,25207.73762899841
586,-0.4264568227280056,1.2664658927296717,1.2440946039361704,0.49074288562653917,0.0,79047.98852015598
587,-0.5899622183316567,0.45467910723538035,-1.0238775569838303,-1.0570779235274868,1.0,-71705.92348305558
589,-0.2919437201206475,-1.1762803811436693,-1.5071443967809903,-0.7491243813065568,0.0,-92844.81556513312
590,-0.6816355313266697,-0.1437502887426853,1.544252161604062,1.2603940743627782,0.0,-8825.657772475635
591,-0.4672774770407342,-1.6925354796391303,0.02563962906416194,-1.1457297546532366,0.0,-1403876.4783664905
592,-0.5941901189368142,-0.8796675421921519,-0.315659484675959,0.8444742213088754,1.0,84164.33239732048
593,-0.3731338041218832,0.7634949755972824,1.0895549517929737,0.8437660836550812,1.0,-6817.281224629745
594,-0.4067133025222912,1.6722608379195667,1.1768757399946592,1.735499756043612,1.0,1465819.5044951194
596,-0.6016675096947836,-0.3494548709755091,0.679119269797635,0.6717994257918783,0.0,143564.2203655345
597,-0.5461764803417504,1.0155922865081268,0.9504016878190663,2.1658470591911287,0.0,-79947.75379095403
598,-0.7099839609107762,-1.0257122724505054,0.5427255470940177,-0.5943649446550813,1.0,-711.8262088592455
599,-0.5864804421677857,0.17656303825719274,-1.2180714116518452,-1.4677551464787326,1.0,-6883.557360524599
600,-0.39662950016646026,0.7861314987810135,1.317083931845173,-1.79617644666548,0.0,41902.36520398457
601,-0.3088925283863723,0.3851353545983522,0.13825557466917734,0.6721705927209297,0.0,-39388.2037991619
602,-0.6969054072812104,-1.0805464766030741,-0.7599740620036861,-1.7991659840631198,1.0,-63282.65551206341
604,-0.17055880552072875,0.9598392613900506,-1.6171785484020085,0.4099828612921811,1.0,218036.6242653913
605,-0.38827969007472424,0.17362306552994627,-1.3011251952689182,0.1699404628614576,1.0,48508.29140718559
606,-0.050131492051434745,-1.7065840496653288,0.9308843250266661,0.3986838717083106,0.0,-1574963.234383633
607,-0.6626191836958809,0.8817502077499284,-1.7486442823746575,0.20527437723133016,1.0,-8054.909535462371
609,-0.8948350516066427,0.8294980415917039,0.08020690079622145,-0.9129850259038031,1.0,-96378.33429459464
610,-0.13811418528851846,-1.0310380986402294,-1.5574534242830058,-0.6508711715028945,1.0,-63079.92145478227
611,-0.332606274514866,1.5567200157762546,1.6572864784525017,-0.7419463823347412,1.0,932847.1535076388
612,-0.4966590535109503,-0.46436927350980833,-0.9572003553643804,0.7840147732920077,0.0,-76616.25176433823
613,-0.41912059934327467,-0.604817547925543,-0.6839276166594415,0.8508536726430864,1.0,61974.72622504852
614,-0.7438887250329071,-1.2145819732971959,-0.6848243946038657,0.42322761707101575,0.0,-108795.99402516177
615,0.0813408613631922,-0.6778597286368487,-0.9421798245134286,1.1203684459008685,1.0,-46244.6877428956
616,-0.4539547788929573,1.2778631149352102,-1.7435263293219674,-1.1278813220821249,1.0,217442.96881793215
617,-0.45853618947993274,1.6877559768947425,0.8041701144107444,1.5808939407413483,1.0,1654342.0833890403
618,-0.3161071946512937,-0.4631062767898105,1.635470889685046,1.4438155540288073,0.0,43907.6653580257
619,-0.3726648562537889,-0.18809069790812208,-0.9636121958202574,0.6939815509590493,0.0,530.5705301393407
620,-0.43208042832048765,0.7484574226000581,0.5721150221408691,1.6899724901034985,1.0,-8641.343343851247
621,-0.6664747529744686,1.31055293875109,0.84810303231539,-1.5835056713900857,0.0,273761.90146808454
623,-0.04892326649799951,-0.38359543875829344,-0.26939685825589293,-0.7063823952466591,1.0,-126356.38544306243
624,-0.17291990107363622,-0.3113452721175722,-0.6883652235056976,0.6805173132239696,0.0,122572.2498958172
625,-0.11566688701074976,0.6578617796576328,-0.6100858755046495,-1.006116669301912,1.0,11650.980422502222
629,-0.4709380336713288,0.9954762259962869,-0.450316032115616,0.2637872019974494,0.0,28950.7411864471
630,-0.2309728894967319,-1.4060196824132651,1.4082891279155427,-0.9468362892558024,1.0,-484441.7692004301
632,-0.13037173696546814,-0.07725628437744836,1.6985197137017793,1.183321601888468,1.0,-74079.39876612947
633,-0.5203266461403024,0.4753449670560161,0.8913373091076113,0.7356109369157308,1.0,-61676.9145100291
634,-0.582456895633162,-1.5023835649641133,-0.3724218307882551,-0.043499770930402325,0.0,-646704.9938094236
637,-0.2935994364040865,0.19565682093633685,-1.474073692141048,-1.0258347919952864,1.0,-74181.0823265862
638,-0.46687269355317057,0.34233288751066826,0.15716509575247561,1.8133746812274159,0.0,75320.16941047086
639,-0.7818942916530661,0.5922760546942828,0.7340821620811537,-1.2253831076052113,0.0,45012.60218559163
640,-0.7830769112601286,1.032435581678741,-1.1630264108896478,0.1740382671676646,1.0,83924.34618824176
641,-0.5614066725557691,-0.8004112084612247,0.9836847773430552,0.9527640017314238,1.0,35804.59667078526
643,-0.5438001865970626,-0.018066097395647372,1.5842849160109165,0.16949771022404753,1.0,131164.23969411067
646,-0.5468347325893018,-0.5797935200169163,0.35687592124923595,2.7244513366754473,0.0,22292.3618027895
648,-0.49636101013122585,0.6991744724275374,0.7519448746441448,1.0015883957868166,1.0,-98044.9445295088
649,-0.5371782709966098,0.9763577111221937,0.9079878565782885,-0.17086434521757607,0.0,24855.039091571434
650,-0.32293787345310315,0.0470509941130256,-1.3898582814232234,0.7285384558858574,1.0,-48777.8537797515
651,-0.05656459429174333,-0.21689889736837029,0.0499101312335004,0.4137852321618529,0.0,49704.55689725597
652,-0.22349213450014704,-1.2194983612276964,0.03253544146879589,-0.7043381376855696,1.0,-77783.77894486516
654,-0.7395067908901309,-0.23806292877294102,1.516741760260672,-1.77512843115856,1.0,-1311.5929698120522
656,-0.4701307631826906,-0.9689416218900743,0.6916896357628034,0.27750350739271273,0.0,-39061.90888071971
658,-0.48938948555623146,0.7950079697293808,-0.1325845945608233,1.001007463019262,0.0,29588.05300983025
659,-0.4380420297347515,1.6946507036852518,1.4749831385918661,0.3436327619964705,1.0,1623709.3927103037
660,-0.5171730338013955,1.4712363832197222,0.6825402628131572,0.13463339756051573,0.0,584213.5580867159
661,-0.6163745088558487,0.4761658024084554,0.8028969769185503,-0.8451548094736807,1.0,-72755.51327710466
662,-0.6101809524407494,-0.2818021799804145,1.2674084162427754,-0.6844069942962913,1.0,-67310.4916752859
663,-0.4913832552072428,0.4542887162546861,-0.7893787002478486,1.1234539279764932,1.0,42771.87371506749
664,-0.6093873967117053,0.9662088280567023,1.0762273073550057,1.361081157225334,0.0,33808.00952523017
665,-0.6485365972918565,-1.3192161221998855,-1.0653031860375117,-0.2330401317892781,1.0,-255957.5656862099
666,-0.45922123098483736,-0.3206502989451874,-0.5399179344044208,0.037443907196038,1.0,-25445.90983212638
667,-0.54273396905071,1.1516642838542794,-0.573980156607118,-0.8675713248579665,1.0,91603.72913688724
668,-0.13627743345327878,-0.4099415915495324,1.67635315533915,1.1101466784986305,1.0,62801.70950825372
670,-0.23159325262784564,0.28850076159401694,0.7055521201672171,1.8417435790698649,0.0,-80477.83489760534
671,-0.19587384329723884,-1.0926993323350755,0.7961615353935415,-0.8425412423617464,1.0,-20681.721619469245
673,-0.5630017687617482,-0.5788586509458309,1.5663249573305913,0.21399121985666156,0.0,1197.0302318303893
674,-0.5696459718585107,-1.6347758461194137,-0.011678437194851664,0.6091248492984072,1.0,-1029031.6018108496
675,-0.8090575083578774,-1.6416423897647232,-0.41679562831714667,-0.2116739326577984,0.0,-1160525.4465894387
677,-0.7404426357638371,-0.7892802857833737,1.0031946829502958,0.8327736300136022,0.0,-77237.01547534509
678,-0.07890636837374303,0.04982409195805273,0.8220181344813514,0.6801898521162376,1.0,-13180.606592264105
679,-0.2676015347948753,-0.7014177331211965,-0.40336419755276753,-0.8786717237414194,0.0,33799.597887862605
680,-0.18998834944668355,1.4971481595729135,-1.66050293343734,1.284069037823456,0.0,584537.8675068659
681,-0.3170533508783662,-0.836453719492612,1.1879762843521144,1.107711258332512,1.0,2264.493350786297
684,-0.3707318258746949,1.1589635053800347,1.6474122183163238,0.5211271110398612,1.0,177101.92994298603
685,-0.7662196639582415,-1.087133460737645,-0.21678134189863255,-0.826718510926993,0.0,-42927.34161603617
687,-0.5393482791297557,-0.15529389296903404,0.7185068925299809,-2.0554839746112545,0.0,-59635.28007208593
688,-0.5704269966477841,-0.07042043534301662,1.1114296864184483,0.8280592925393964,0.0,8160.785082790736
689,-0.3195286636205316,-1.2673516295539093,0.1639322383870205,-1.4929391502863332,0.0,-181445.285895722
690,-0.38115597190284967,-1.4484500184595392,1.6361351423825023,1.4249474846636334,0.0,-543359.5559024394
691,-0.5672255156559459,0.7685554390115114,-1.5678339716771341,-0.320636010008336,0.0,64152.89470058232
692,-0.2159209679109516,-0.024212011695201655,0.01820225809230586,-0.20786519180266194,0.0,139530.99663278856
695,-0.3467630322804672,0.8972376501107878,-1.1212539058963922,1.3441311721890221,0.0,24653.77658627902
696,-0.5553436294106345,-1.1802650292639394,1.0514898925509644,-2.3748184662820973,1.0,-155559.6082096275
697,-0.4084530960675043,0.36540744993191293,0.18590217376003645,1.2093562493613623,0.0,-109235.20210082702
699,-0.2702938925566307,0.8488184031240583,-1.2876556168293267,-1.1554718705355043,1.0,-70182.89389255602
700,-0.5265412703064337,0.5254485925402907,1.2800261423599906,-1.0300808176982241,0.0,102794.34660721802
701,-0.6046037103212569,1.5517237086268616,-1.1981967899472525,1.5896230159251072,1.0,862317.1024986792
702,-0.24141345186197752,-1.4883267220166427,-0.6643644913790969,-0.906502182497242,0.0,-601221.9382770497
703,-0.6465719642909757,-1.5290931822917535,-0.7334666521357052,-1.1043753821530078,1.0,-649050.8673725055
704,-0.809276938905255,-0.7580588603565925,1.3014413502432154,1.076404572202239,0.0,-72181.25744919833
705,-0.8435150413085074,-0.8282036224958288,0.6059122944543459,0.3159601643912235,0.0,-55157.92734589437
706,-0.34378013764626536,-0.87864032496177,1.0398619208688742,-0.8992845604904603,1.0,-9813.452985808872
708,-0.078323191905687,-0.8698474789470743,0.4385014354255525,-0.9828985285708632,0.0,17170.089302024906
709,-0.964899538145164,-0.7931197788994522,0.2525422220729329,1.041662034580895,1.0,8198.930899880288
710,-0.091803684962132,0.8762962145957136,1.1663907018014543,1.004104070982457,0.0,21329.4133928454
712,-0.5061628663498734,0.9355874407106587,-1.706133833647396,0.33795983059277984,1.0,38251.00149293764
713,-0.6097326978261594,-1.5006281365607248,0.6105217992784127,1.6703504225635009,1.0,-677001.669942908
714,-0.3915838029972544,-0.05465838315848933,-1.56724916657905,-0.006650675671347715,1.0,2778.181365060049
715,-0.4925112390796193,-1.6093744414115034,0.17243195378737,-1.1315306955653144,1.0,-1072265.5386619684
716,-0.22886769931663203,-1.5099194742960094,-0.7419119530915114,0.42156022700362067,0.0,-637706.0425021453
717,-0.45741943087287307,1.3798767133121934,-0.674904512743764,1.9796255957266409,0.0,355997.58476305974
718,-0.44908355408352885,-1.2476062655105962,-0.5132584560474089,-0.9724326905617513,1.0,-14497.945085041516
719,-0.5678369545802551,0.0989423520943846,0.42596493000253954,-0.35047514878237096,1.0,-2392.6802767271324
720,-0.4969735376122871,-0.31657233990272315,-0.5794421840987587,0.39011672676123094,1.0,-84287.07040434577
722,-0.8789943341777212,1.3572589349729294,-0.33275688002364856,-0.9415337147548442,1.0,374330.10740730906
724,-0.31206394192077214,0.5488555220677483,0.9946338512775502,2.2023943980581384,0.0,-34697.07074265741
725,-0.4443317733266367,1.574943243879639,-0.7484727499051635,0.18037082039943778,1.0,868703.3536195098
727,-0.4795550995957008,1.4839394310988048,0.6505079973701465,-1.4810076567651553,0.0,554564.373671928
728,-0.40349681118891717,-1.545521428418089,-0.5850208380837828,0.2392486096773479,0.0,-783614.1422267562
730,-0.6636626153410109,-0.8335048528012061,-0.4398852900126398,0.44602150619873887,1.0,-13731.536580705804
731,-0.4385595266844114,0.7784245546339132,1.5570771245071067,-0.008640576874675222,1.0,48739.00885324628
732,-0.7098936243191949,1.6362563436246125,0.4975159065631114,-0.5673558530991266,0.0,1215459.2955663188
733,-0.3894771621617255,-0.8459291141474024,0.6016285861403984,-1.0461236894521586,1.0,-27041.56032343345
735,-0.24600114799117598,-1.0460487686173412,-1.0521720470020404,0.8635851901720101,1.0,-38966.42606441685
736,-0.3746086131615203,0.21165120695916415,-0.28443139707359916,-1.4779318995958006,1.0,5877.322258735425
737,-0.42465231277285265,-0.13561633578010002,0.8797570215837685,1.5072210362714134,0.0,26171.665348332925
738,-0.25673803368495496,1.6044338781905572,-1.3938592467082036,0.540180499066693,1.0,1146884.5395299187
739,-0.0989628769609919,0.35959255370706383,-0.7761437775756929,1.3261028813600533,0.0,23612.99790585833
740,-0.24941774508669554,-0.5275034204012714,-0.7815119261919611,-1.2840968196871088,0.0,26872.87644956337
741,-0.9091973712666269,-1.3337386843320616,-0.23653089144480827,-1.3066564903631437,1.0,-362533.37971776834
742,-0.7794948096033839,-1.2065036181538946,1.6828049841781365,-0.1481751788682074,1.0,-128677.3449178864
743,-0.6281955860268666,-0.9528279941555058,-1.5124123636438653,0.47231339158106683,0.0,4057.716306000748
744,-0.47778572038906225,-0.8649826758871991,0.06687397257799961,1.7038358571842471,1.0,31316.249100506568
745,-0.36419595433168156,1.1886993407391238,-1.1208721383471445,0.6658556736938166,0.0,95307.33023899674
746,-0.651517027981094,0.1975839374830064,1.6488803285182807,-0.23739170528712594,0.0,-39541.44884133295
747,-0.4406573517831594,0.06801715109936163,-1.3520996950311261,-0.9834854774286637,1.0,-34450.43640496186
749,-0.6251220906439497,1.2213159315177093,0.8340625190138593,-0.9247797581719167,0.0,227145.1523060884
750,-0.8088609552485162,0.7510033024975442,0.7173987910845657,1.5439975200997191,1.0,-18700.33896360379
751,-0.6971521788568786,-1.492743536542374,-0.26904879844967794,-0.27709453277019663,0.0,-538232.9849918503
752,-0.7961571845483938,0.6997024488298201,-0.5357799389760808,1.5079284838533593,0.0,10953.76461013487
753,-0.7093160431177554,0.13701773742858703,-0.3569608110408968,0.6400103439199926,1.0,-7458.037187153706
754,-0.24034297399939422,-1.4446011134821826,-0.8236643341623425,-0.13677575261524674,0.0,-482962.1188258746
757,-0.3698206130704301,-1.1567490451030082,-0.8087622430491802,0.4014179359239989,0.0,38830.78512199977
758,-0.4411034773406814,1.5143369178781216,-0.7425107123967579,0.0671031850362705,0.0,682645.6220684237
759,-0.6821609885359449,1.1865051151391564,0.550094793436819,-0.5716778335121842,1.0,166217.39180613463
761,-0.6168310741167552,-0.14122248641922278,0.36416796938451806,0.06845557436984477,1.0,-52173.9190928136
762,-0.45562115582862894,-0.3142779297835776,-1.4792412147983753,-2.0329690081176848,0.0,-647.9095770268589
763,0.10776041954391533,0.5049624760885048,-1.484126984939203,0.42983736089585406,1.0,8645.640865451793
764,-0.5060119244266603,0.1435031257451771,1.5814897766086562,-0.9390752368328222,1.0,175165.95501670166
765,-0.21824478261782973,-1.511221234217309,-0.7081067743149759,-1.1043581433892897,1.0,-657543.8592436262
767,-0.49189976190451173,1.0372803703903484,0.34809288836108515,-1.714190040110106,1.0,69688.9836780311
768,-0.07462447792176626,-0.15168760502218784,0.4342125615988009,-1.2967776146598735,0.0,-124519.72805794892
769,-0.6286920491119433,-1.5465533279775565,0.5212137634703271,-0.6813606856209645,1.0,-766530.0147123775
772,-0.613787554974402,-0.8387686270465611,1.6290650612478632,0.16287123634975922,0.0,48458.78328058537
773,-0.3376802314037527,-1.1604073759420173,-0.870508317312238,0.3749179127172865,1.0,-130199.5720155136
775,-0.3401291277204942,0.8672315899515037,0.7246632596882512,-0.08008048400834285,1.0,-30495.59758386123
776,-0.846656651471569,0.0543006309961944,0.3864650228436794,-1.1443065825927192,1.0,-67707.54677097568
779,-0.5010145570481374,1.2879015361719583,0.3432755428675548,-1.6082922140003058,1.0,213629.54784888416
780,-0.3403920614124653,1.2570665479391288,1.2828258665062877,-0.9812571419734252,0.0,141904.87334109406
782,-0.7923813388145403,-0.17908786873574015,-1.3779931507828744,-0.9246201687215633,1.0,108131.817065353
785,-0.354460374963994,-1.6314513448131929,0.8293380967374445,2.054844485992893,1.0,-1116970.590460451
786,-0.23407180749419434,-1.501181469582878,1.3419729726938414,1.1270849426451237,1.0,-615835.0345187101
788,-0.3777090586361027,1.389407096957269,0.30798505162861645,0.971368832023262,0.0,376882.1428596778
789,-0.5000283881400395,0.12045394601326134,0.7054461789064231,1.0464974154375315,1.0,-12039.844191595015
790,-0.867623650751936,-0.019583882538058987,0.6318449206825031,-0.5432465104634008,1.0,22058.553993200014
792,-0.43582301989541994,0.5248490752096266,-1.6947997542971778,0.06804242536451624,0.0,-116826.30682088858
793,-0.42105928176681817,1.0910482388664746,0.29167475380068025,0.8139506762233353,0.0,53459.57825540492
795,-0.7336214204720768,0.931824587236218,-0.1727035676427754,-1.5076987058330438,1.0,-29683.020521637147
796,-0.24045595726025668,1.5786496348519916,1.6030433088767277,-0.7706643410600954,0.0,1083463.335776117
797,-0.49295501011854376,-1.0266341459475465,-0.3519802348157435,-0.07677637429379175,0.0,-80125.09579994
798,-0.3263360064181939,0.06780727845777126,1.1907914242469206,-0.07838791285125143,1.0,-2472.474701755244
799,-0.4772710378925378,-0.7411030521016143,-1.088754538975745,1.871565645674565,1.0,29246.088350026177
801,2.260579961999402,0.25364996708677406,1.6710380476628044,0.474983657227459,0.0,-110801.1833956191
803,1.8713719287746242,1.0082056368200834,-1.7195635163960412,2.1561343708303298,0.0,105604.75355966346
804,1.613307602774025,-0.36837295461956027,-0.23105704573681202,-0.3913501942629176,1.0,-20231.487041680983
805,1.6261457747550214,1.4095102292543598,-1.4244769766017096,0.46150312491591494,0.0,395193.23074227694
807,1.9296091917916425,-1.1835300490449407,1.4524213272004598,0.1797522608933751,0.0,-134793.23779161813
809,2.407300695223043,0.9922706745059854,-0.8431416394621835,0.4087092390085214,0.0,48210.00265138639
810,1.4135041361306608,-0.6396476028075978,-0.22818503654091252,-2.4171241947312327,1.0,44834.6860099886
811,1.740586178465723,1.2111770154606927,0.7835294981913598,0.6429980018716535,0.0,298788.42652466457
812,1.6237264828293725,1.3788691406642344,-1.7169935993269902,0.11377299498972815,1.0,432578.239743027
813,2.4956743735711755,-0.7761506897392009,0.31452384589887433,-0.218154642028676,1.0,63882.96233118776
814,1.9177877866240935,1.643874418095822,0.39796062815876027,1.9423204717805547,1.0,1267350.0652362362
815,2.303819320430348,-1.2425849644959495,0.4833535572071246,-0.6489089254514055,1.0,-223784.19344292267
816,1.1403934978204548,-1.0326302620917451,-0.9015585015643495,-0.39009215043244144,0.0,-40007.34431315961
817,1.9503674770381465,-1.0935603758034151,0.7506447566708924,1.8896647916675677,0.0,-59241.97074180297
818,2.2380948352283028,1.3372456245676598,-1.4287962161029546,-0.7984986855420328,0.0,244844.8060177051
819,1.8649772180977229,0.5163296942884835,-1.0511982991436564,-0.5300778476704907,0.0,-10057.677344098947
821,1.5878831141537066,-0.2164727817650198,0.8369962701103377,0.7940517029399288,0.0,21642.64501008202
823,2.8893917291868045,-1.4386462713111117,-0.8793175778259348,-1.2369690895200105,1.0,-439278.198541677
824,1.6592625688603684,1.2976091909182979,-0.9982187077595053,-0.5129920468651422,0.0,220841.39921892388
826,2.498635198593609,0.005740032167921078,-0.8821754592066083,-0.07986873796116753,1.0,-71947.10251826722
827,2.5569531876584652,1.587725234724472,-1.5298302540573017,0.3990635356543217,0.0,1126483.118430145
828,1.585308194011222,-0.2937447271508065,-0.14229985435287834,0.39179202942898855,0.0,814.9781044393907
829,1.6327589093401873,1.6458911016906315,0.8160311860783342,-1.697167050371776,1.0,1295324.649343692
831,1.2056078208970915,0.4491306473011918,0.6065026891231777,0.23410085920507262,0.0,176389.03309935896
832,1.4023918355650873,-1.156131364014022,-1.4646463765710185,1.3117628490802486,0.0,-161805.84700412277
834,1.4721096159187963,-0.26042580094679396,1.1862069529772301,1.0421395336786523,0.0,24971.86105668907
836,1.9351924421485662,-1.6813161617129613,1.1319256979937904,1.275294142193768,0.0,-1314401.4441193277
837,2.54351764078194,0.1925593907365811,1.5159914761339206,0.49084579053959226,0.0,108519.84897764414
838,1.3655572865772616,0.08174620214435718,0.15631457086452868,-0.09957022121963491,1.0,30390.17933779334
839,2.281856828142673,0.7391511468104414,-1.0476572084748192,2.1570720957872327,1.0,-58208.50763006657
841,1.804089645248132,-1.452542417196335,0.8515513161707976,0.5398693760383051,1.0,-470346.20821849065
843,1.3080802713870807,-1.0826451643926027,0.07649263575196384,-1.2328584848982977,1.0,-145068.86834037106
846,2.0545371878280663,0.12761849010010287,1.4741853980204351,-0.5910146474415786,1.0,50309.2950171579
848,2.961673364754458,-0.647906737910478,0.13558628638094947,1.5060671291826317,0.0,-52124.46138034045
850,1.5815476897202003,1.0894513795728684,-0.4590388478257657,-1.0926254373058797,1.0,114131.48254717948
851,1.5389632767604848,-0.15160089042074115,1.3852084101536148,-0.11251170660190031,1.0,58361.6298777724
852,1.5702341124000914,-0.4991053062243623,0.5840712119239452,-0.7727036226786452,0.0,-1024.2586169714896
853,1.5323791697430122,-0.03191338730198523,1.0073297339495966,-0.3754536807082891,0.0,-35991.5624972966
854,2.3764568022892925,1.112097402514134,-0.158383616301344,-0.4001262299884139,1.0,-7254.393397766544
855,2.4834395074155102,-0.576472388782416,0.4573084477368227,-0.46108457884707477,0.0,48515.96779890699
858,2.0448154758688832,1.1043195351836774,-0.2519933685586227,-0.5400668746794967,1.0,49887.42489899804
859,1.5717379923379025,-1.3798307539915984,-0.19968569517067453,-2.795272661792345,1.0,-368153.3292256963
860,2.1194606743090483,-0.9029724873990135,0.5240751953462921,1.948137207018793,1.0,-105881.15647009316
861,1.9207308888134635,-1.238268129415035,1.528487598936095,1.0301884225199145,0.0,-207339.0116006537
863,2.5421333583244627,-0.18213034622557117,1.1380840689131877,0.011564234153365044,1.0,-24738.711062885068
866,1.647772063102687,0.40206456522782724,-1.6719838987188618,1.7999221354785504,1.0,121510.8804909792
867,1.9590629403718152,-0.5176791131556095,-0.6949625041823608,0.14282495021059743,1.0,74883.75352801269
868,1.9815195934026653,1.1572990033963348,0.010626573023465388,0.9680789817990146,0.0,66951.40482989719
870,2.755971169875436,1.6287486497013866,-0.029750069549741888,-1.278953663341443,1.0,1242050.998861779
871,1.7451727757857367,0.4473184634578091,1.4963907597139228,-0.3984199112770044,0.0,71683.6720667257
872,1.4580141025355722,-1.2920623854253885,-1.3797873070736695,0.11924722281292566,0.0,-262914.040736212
874,1.4891480472717975,-0.6110767239322306,-0.31475299654527206,-0.2145163489285482,1.0,-33908.74285773685
875,1.8116397145004117,0.62604209192848,0.5445562502769913,-0.09336709527712439,0.0,-78511.84163174852
876,2.6563094470839146,-1.4859871290592872,-0.8378039838970535,-0.08335073957300286,1.0,-530571.3772294301
878,1.9303736757742223,1.2062384537464381,-1.1870332199334404,-1.0160790136785702,0.0,306819.005683667
879,1.819359550986252,-0.9464488603744263,-1.501948859272177,-0.688972341164548,1.0,-95568.30989347208
880,2.376168761993684,1.1422078490166032,-1.0988837805344651,-1.2293137454006973,0.0,145785.84687776852
881,2.9947784289448127,-0.7680284194425088,0.5762179367027317,0.9245568782220056,1.0,-29910.81713746808
882,1.5816069294328383,0.47725047406895715,1.3374114621813356,-2.0109893653617488,0.0,47300.17414963072
883,1.6007536120200523,0.6528356289285133,1.1009204782631492,1.0918996095110545,0.0,-86042.79450590869
884,2.309511350795884,0.031247906917916207,0.6494244276900415,1.3134930189813214,1.0,-75779.0489376186
887,2.0968135065502973,-1.6108273997689526,-0.6642979311146141,-0.35033024544239727,1.0,-1052723.8083456182
889,2.0999222447909633,0.512460480890974,0.053939549635576275,-0.9684710370272912,1.0,62077.50273772135
890,2.3393399443431617,1.4890162121816892,0.12586227202108594,-0.4968549911983132,0.0,688723.8130382434
891,2.2061376068852008,1.2592106715812557,-0.49951150622302953,1.4504384184159078,0.0,301200.5013635133
892,2.061387571697587,0.8991277228674729,-0.5103509936060957,0.6266780057623932,1.0,44834.794375664176
893,2.3199161731274613,0.9757836405135487,1.151428106266221,-0.8865640587313608,1.0,-38084.37867300894
896,2.1267525540478944,1.3824712677508837,1.4497604026657185,-0.20956913115828138,1.0,444559.6337066292
897,1.749715344040599,0.5726326586638515,1.5863613462354618,0.4660440514402263,0.0,95383.60284524456
898,1.8947535854369866,0.19490520155024618,-0.605019653091702,-0.5159891769711858,1.0,27425.829167633718
899,2.384540980938717,-1.344377208569413,-0.5081255990945467,0.48061046716214,1.0,-372802.3386166659
900,1.4494003008719587,-0.1934165675396282,0.021137371557096097,1.835971048810578,1.0,-55100.95157708396
904,2.417789594484775,-0.42169690103422597,-0.37404752740212116,-0.3459152789044031,1.0,45494.767979852935
905,1.9152664154659171,1.6208558124495753,0.18822670794352783,1.1176525404547297,1.0,1218396.914617584
906,1.8484102214793114,-1.3452980559468941,0.012380979693586893,-0.603572750907457,1.0,-267641.9706321718
907,1.198488065309385,-0.27734864962641326,-1.0701248387830513,0.036701288023405165,1.0,-12513.394167232607
909,2.1252617846608244,0.8095325884303076,0.6207454171362854,-0.4840652399430873,0.0,61142.93687525923
910,2.826703746888953,1.4197383527088099,1.184164727838192,-1.312979289737912,0.0,502172.6669670847
911,1.6847088544993065,-0.7654213174284701,1.257164635463875,0.30112909915430613,0.0,-20632.695604942757
912,1.9282303846964852,1.215158076150016,0.8707126895935547,-0.06442961102604657,1.0,224370.81508983287
913,1.9422028159705704,-0.7237041118512751,-0.2113585709365716,0.4698914698674012,0.0,-11219.71223028273
915,1.7829083383388884,0.857677747851423,-1.1873734682348045,1.1559054404240428,1.0,-31192.252819212543
916,1.9559000287658825,1.0321539845196743,0.6092109675649126,-0.8410662674038059,0.0,-7228.278028629218
917,2.1078905356695157,-1.662825519623995,-1.1212621529653959,1.623560244319912,1.0,-1285328.7715888214
918,1.9131913747085112,1.5729428938004704,0.6802797028554278,-1.6701529901034546,1.0,1029272.7097893443
919,1.620628877429992,0.7642117082851615,-0.9450447457603113,0.4075617345005538,1.0,-41823.60238094031
921,2.323131398269862,1.116020216254372,-1.1701556736607186,-0.7637455870926402,0.0,49021.00849728739
922,1.3525424809837088,-0.7603393565031097,-1.7417121279375676,0.3976833591907391,1.0,-20559.86234833701
923,1.8884017511647622,1.2645169176130582,0.7670498406025926,1.211787049902201,0.0,119437.8279717359
924,1.5033866180176998,-1.3389286143171648,0.8148676284189917,-2.116828254933248,1.0,-288236.0065882138
925,2.3792436291039407,0.6854925243237819,0.05368645064085928,0.47227567275230886,1.0,-8533.108975985226
926,1.1230042894209562,0.12729218040000814,-1.1838823830998384,-2.380018605558741,0.0,32440.160094287578
927,1.5686421215301731,-1.3938827558224047,-1.4562278309749928,-0.9256931137985732,0.0,-351964.6667321188
929,2.5504608107628304,-1.68201305362115,-1.1685326754735026,-0.5602255178956507,1.0,-1310832.8912599783
930,1.796562769301474,-0.11905576578312184,1.3694905572244156,-1.1239200210741,0.0,12639.151165311672
931,1.5703624025463172,-0.6927198007930034,-0.9032569342341803,-0.1947945424839014,0.0,9370.373491269753
933,1.1577457066676968,-0.7065130405639384,-1.379954384474867,-1.7501669838933969,1.0,-33995.78237489524
934,0.8107650277714574,-0.6973300989584741,-0.9703752136852442,-1.0072297551887466,0.0,10408.314392608516
935,2.0303033654869056,0.8207970378014685,0.06870659646687466,1.4192465956983433,0.0,39157.02245284454
936,1.5949236548050603,-1.5596146477024162,0.37857299530976396,1.7622347742780986,1.0,-912375.8536952076
937,1.35498379515685,1.3677444863063186,-0.8899020045791222,-0.10482159304402539,0.0,329647.5200978847
939,1.9396226305731914,0.5626061024705418,-0.37999043223692086,1.9889521040745382,0.0,16189.87278015002
940,1.5662588994211086,0.3071735129434911,-0.92892557350302,1.511603620280736,0.0,71652.26236522563
942,2.230158068571624,-1.0897748012818942,1.6110300296734028,-0.7797827860167036,0.0,-93956.77561243676
944,1.7811150321767326,-0.9042189205366211,0.2005028082621755,-0.15901952541926015,1.0,-65147.17899106351
946,1.3324067282350924,-1.6057555649646913,-0.24729259636199208,1.375043647935971,0.0,-945673.6378447803
947,1.1219236530898606,0.2715050804372461,0.14459252175420323,0.8308786275740907,1.0,-63234.36805210491
948,1.507182161447142,1.6846845387079334,0.6889609651476629,-1.032045505007218,1.0,1564491.6957243285
949,1.8058817322069698,1.2060974714309962,0.7089691397941313,1.3041127257726972,0.0,49212.95255669979
951,1.7154615104357303,-1.5065367748131626,0.0018113438502372014,0.6477546307433797,1.0,-652248.6304870509
952,1.9896528393394108,1.1227973892335197,-0.30674788558033,1.389837630188611,0.0,192742.87460580043
953,1.2485469432861387,0.3268899009759387,1.2983364320972646,-1.0646088750685414,1.0,-16454.677457343445
955,1.788983038830106,-1.4030515926225557,0.11518753210961938,-0.5123122868326748,0.0,-502665.3043314532
956,2.343310877522866,1.3907996690029223,-1.3447802886344509,-1.4989999611862914,0.0,408546.3705710792
957,1.9853409301978846,0.567385690298619,0.3711707869788699,0.32372596280821175,1.0,37702.42954137996
958,2.038039235117344,1.1156507978487173,-1.338447498393617,2.384723054760684,0.0,110770.36792736452
959,2.0902690040843788,1.285836534241947,-0.5683934074362157,-1.7581597422385875,0.0,245944.79420943715
960,2.0338592202362262,0.2337141320858792,-1.2487090768976705,-0.03708413361271317,0.0,69780.5540681261
962,2.4412210518277204,-0.25036467573146626,-1.0267606583267481,0.1108219882548256,0.0,53729.49812576348
963,1.9177722551414556,-0.6390143197092749,-0.37709749992200786,-0.11405325639330888,0.0,-99371.3813684028
964,2.154617537131585,-0.23608820463907082,1.386358886635217,-1.2432439293064956,0.0,-54296.84997013685
965,1.7854778332908599,0.925892157148957,-1.0335361085652324,0.21526772000614947,0.0,-84130.3039047771
966,2.492503695972215,0.336975686282957,0.028735999977609932,-0.7268134328489284,0.0,-16453.453107335343
967,1.5143528175668752,1.3322234224120506,-0.2811489166118939,-2.0912213983568577,0.0,298817.4970678024
968,2.659259169637311,-0.2060045376607459,-1.6852471764748294,1.1309345927209122,1.0,6879.125172506315
969,1.8083903281757026,0.3546687327465667,1.0261296302469924,0.906059208600726,0.0,3766.941182594235
970,1.165712666210539,0.4376105629887982,-1.5070102910321221,0.042830706836642626,1.0,-55503.66508384
971,1.8861532578052567,0.3019527140811765,-0.08869597420431788,0.21173373560981912,1.0,-11390.247069901958
972,1.5121994832421861,0.6818889299302303,0.2138030622982756,1.0164300382234344,1.0,-86898.071642763
973,2.2154552402111234,-0.9113312175232705,0.45093540746624566,0.20722584755903267,0.0,63808.47547173654
974,1.5253374153636423,0.030251372344598723,0.6616657570269506,0.85429903419728,1.0,-18213.40597969965
975,1.6207444994441136,-1.3675448692487466,-0.8621801509679096,-0.2895637836622201,0.0,-348657.4575921792
976,0.95369282925371,-0.4076182872855663,-1.7137572584961922,1.242694742493208,0.0,95341.83176812486
977,1.6179147902917197,-0.05433003019514905,0.7835149531133621,0.29904531894655195,1.0,-74549.87417117272
978,0.7067467312513608,0.5092461956455405,0.12622203856409697,0.178391061057251,1.0,-67140.85861174599
981,2.1901092117666687,0.8221694167536655,1.203128105039746,-0.7983974016761245,0.0,36645.55415783901
982,2.023575858273372,0.009367879463550607,-0.050755033020346126,-0.6140158260159362,0.0,44407.13090009707
984,1.8048995003947055,-1.4815654735210473,1.0219296977619656,-1.0214388098731164,0.0,-697104.232920571
985,1.8252845153390485,-0.8532529957945184,-0.16906382204190226,2.016492309917381,0.0,25261.296605980388
987,2.5217492295528716,-0.10629703451115874,1.2438979553046847,1.8218938333574595,0.0,-35179.80460893789
988,2.2324249108126932,-1.5681564202585583,1.3404540662321267,-1.1705837834548751,1.0,-876442.2472566133
989,1.7248302191533524,-1.2449392796247651,-0.11650601712101903,0.06148359835556872,1.0,-218944.3472141348
990,1.839374805771664,-0.7764595372026504,-1.4837205642278573,-1.2378090439634237,1.0,95364.41524839462
992,0.883355876817881,-0.5896956972852956,1.0638602333138358,-0.8804357222701616,1.0,603.8974615500739
993,1.7127157103856152,-0.0735980169145209,1.4077075054083559,1.173768085437466,1.0,81107.62596099132
994,1.5117684838861059,-1.0528981039231025,-1.0364890233082236,-0.38357426267286415,1.0,-140991.92450685427
996,1.69703814111534,-0.7632092841973057,1.3222200239488155,0.5687886602814103,0.0,-135806.1591286052
997,2.6577553677192127,-1.0155853176645289,-0.38568851886157723,2.186779244218505,0.0,-80852.23974203735
998,2.123116785512831,0.04466586430409543,0.14758855735124235,-1.4148261093938046,0.0,9716.797268232658
999,1.5629774483430712,-1.705638167889683,1.639742230764596,1.192474728795192,1.0,-1511922.2522334172
1000,2.091570195916858,-1.6982466398909848,-1.5156949200804857,1.0850931027283635,0.0,-1463353.423245029
